{
    "model2": [
        {
            "x_pos": 6.910274982452393,
            "y_pos": 65.5689926147461,
            "z_pos": 140.0685272216797,
            "scale": 1.0,
            "unk10": "00 00 0E A0 80 39 52 40",
            "angle18": 0.0,
            "angle1C": 89.0,
            "angle20": 0.0,
            "unk24": 50.0,
            "behaviour": 312,
            "behaviour_name": "Torch",
            "unk2A": "00 00 00 01 01 00"
        },
        {
            "x_pos": 234.592529296875,
            "y_pos": 64.22604370117188,
            "z_pos": 142.5028533935547,
            "scale": 1.0,
            "unk10": "BE BB 2C 75 00 03 17 04",
            "angle18": 0.0,
            "angle1C": 271.0,
            "angle20": 0.0,
            "unk24": 50.0,
            "behaviour": 312,
            "behaviour_name": "Torch",
            "unk2A": "00 01 00 01 01 00"
        }
    ]
}