{
    "model2": [
        {
            "x_pos": 665.0221557617188,
            "y_pos": 205.8333282470703,
            "z_pos": 660.1570434570312,
            "scale": 1.0,
            "unk10": "3F 80 00 00 3F 80 00 00",
            "angle18": 0.0,
            "angle1C": 0.0,
            "angle20": 0.0,
            "unk24": 0.0,
            "behaviour": 453,
            "behaviour_name": "Spotlight (Crown Arena?)",
            "unk2A": "00 00 00 01 00 00"
        },
        {
            "x_pos": 667.0861206054688,
            "y_pos": 205.8333282470703,
            "z_pos": 512.1172485351562,
            "scale": 1.0,
            "unk10": "3F 80 00 00 3F 80 00 00",
            "angle18": 0.0,
            "angle1C": 0.0,
            "angle20": 0.0,
            "unk24": 0.0,
            "behaviour": 453,
            "behaviour_name": "Spotlight (Crown Arena?)",
            "unk2A": "00 01 00 01 00 00"
        },
        {
            "x_pos": 515.3735961914062,
            "y_pos": 205.8333282470703,
            "z_pos": 661.9669799804688,
            "scale": 1.0,
            "unk10": "3F 80 00 00 3F 80 00 00",
            "angle18": 0.0,
            "angle1C": 0.0,
            "angle20": 0.0,
            "unk24": 0.0,
            "behaviour": 453,
            "behaviour_name": "Spotlight (Crown Arena?)",
            "unk2A": "00 02 00 01 00 00"
        },
        {
            "x_pos": 513.5953979492188,
            "y_pos": 205.8333282470703,
            "z_pos": 516.45166015625,
            "scale": 0.6000003814697266,
            "unk10": "3F 19 99 A0 3F 19 99 A0",
            "angle18": 0.0,
            "angle1C": 0.0,
            "angle20": 0.0,
            "unk24": 0.0,
            "behaviour": 453,
            "behaviour_name": "Spotlight (Crown Arena?)",
            "unk2A": "00 03 00 01 00 00"
        }
    ],
    "actors": [
        {
            "x_pos": 573.9030151367188,
            "y_pos": 316.83331298828125,
            "z_pos": 570.9649047851562,
            "scale": 1.0,
            "unk10": "40 5F FF FB FF FF FF FF FF FF FF FE FF FF FF FF 00 00 00 00 00 00 00 00 00 00 00 00 00 00 00 00 00 00",
            "behaviour": 16,
            "behaviour_name": "Swinging Light",
            "unk34": "00 00 DA 00"
        }
    ]
}