{
    "model2": [
        {
            "x_pos": 4466.8154296875,
            "y_pos": 646.6436157226562,
            "z_pos": 1675.138671875,
            "scale": 1.0,
            "unk10": "42 00 00 00 41 50 00 00",
            "angle18": 0.0,
            "angle1C": 269.0,
            "angle20": 0.0,
            "unk24": 89.0,
            "behaviour": 615,
            "behaviour_name": "Boulder",
            "unk2A": "00 00 00 01 00 00"
        },
        {
            "x_pos": 2357.807861328125,
            "y_pos": 511.8021240234375,
            "z_pos": 3687.568115234375,
            "scale": 1.0,
            "unk10": "00 00 00 00 03 0C 00 11",
            "angle18": 0.0,
            "angle1C": 166.0,
            "angle20": 0.0,
            "unk24": 299.0,
            "behaviour": 622,
            "behaviour_name": "K. Rool's Ship",
            "unk2A": "00 01 00 01 00 00"
        }
    ]
}