{
    "model2": [
        {
            "x_pos": 284.9521484375,
            "y_pos": 39.0,
            "z_pos": 316.5741882324219,
            "scale": 0.25,
            "unk10": "FF FB 00 00 1F 40 04 00",
            "angle18": 0.0,
            "angle1C": 0.0,
            "angle20": 0.0,
            "unk24": 39.0,
            "behaviour": 116,
            "behaviour_name": "Golden Banana",
            "unk2A": "00 00 00 01 00 00"
        }
    ],
    "actors": [
        {
            "x_pos": 194.28761291503906,
            "y_pos": 0.0,
            "z_pos": 363.3939514160156,
            "scale": 1.0,
            "unk10": "00 00 00 01 00 00 00 10 00 00 00 00 00 00 00 00 00 00 00 00 00 00 00 00 00 00 00 00 00 00 00 00 00 00",
            "behaviour": 95,
            "behaviour_name": "Balloon (Chunky)",
            "unk34": "00 00 6E 08"
        }
    ]
}