{
    "model2": [
        {
            "x_pos": 121.0388412475586,
            "y_pos": 70.70304870605469,
            "z_pos": 24.16455078125,
            "scale": 1.0,
            "unk10": "00 00 00 00 42 68 00 00",
            "angle18": 0.0,
            "angle1C": 10.0,
            "angle20": 0.0,
            "unk24": 58.0,
            "behaviour": 312,
            "behaviour_name": "Torch",
            "unk2A": "00 00 00 01 02 00"
        },
        {
            "x_pos": 167.21298217773438,
            "y_pos": 69.65387725830078,
            "z_pos": 263.8779602050781,
            "scale": 1.0,
            "unk10": "00 00 00 00 42 68 00 00",
            "angle18": 0.0,
            "angle1C": 190.0,
            "angle20": 0.0,
            "unk24": 58.0,
            "behaviour": 312,
            "behaviour_name": "Torch",
            "unk2A": "00 01 00 01 02 00"
        },
        {
            "x_pos": 24.406312942504883,
            "y_pos": 69.17680358886719,
            "z_pos": 167.1255645751953,
            "scale": 1.0,
            "unk10": "FF FB 00 00 34 80 04 00",
            "angle18": 0.0,
            "angle1C": 99.0,
            "angle20": 0.0,
            "unk24": 58.0,
            "behaviour": 312,
            "behaviour_name": "Torch",
            "unk2A": "00 02 00 01 02 00"
        },
        {
            "x_pos": 264.1481628417969,
            "y_pos": 70.11013793945312,
            "z_pos": 122.52413940429688,
            "scale": 1.0,
            "unk10": "00 00 02 80 80 38 D4 C0",
            "angle18": 0.0,
            "angle1C": 281.0,
            "angle20": 0.0,
            "unk24": 58.0,
            "behaviour": 312,
            "behaviour_name": "Torch",
            "unk2A": "00 03 00 01 02 00"
        }
    ]
}