{
    "model2": [
        {
            "x_pos": 276.73736572265625,
            "y_pos": 39.5,
            "z_pos": 241.04881286621094,
            "scale": 0.29999983310699463,
            "unk10": "02 C5 00 00 03 80 00 00",
            "angle18": 0.0,
            "angle1C": 135.0,
            "angle20": 0.0,
            "unk24": 22.0,
            "behaviour": 124,
            "behaviour_name": "Blue lazer field",
            "unk2A": "00 00 00 01 00 00"
        },
        {
            "x_pos": 123.80457305908203,
            "y_pos": 40.5,
            "z_pos": 240.7321014404297,
            "scale": 0.29999977350234985,
            "unk10": "02 D7 00 00 01 A0 03 00",
            "angle18": 0.0,
            "angle1C": 0.0,
            "angle20": 0.0,
            "unk24": 23.0,
            "behaviour": 124,
            "behaviour_name": "Blue lazer field",
            "unk2A": "00 01 00 01 00 00"
        },
        {
            "x_pos": 160.0387420654297,
            "y_pos": 40.96986389160156,
            "z_pos": 246.4078826904297,
            "scale": 1.0,
            "unk10": "00 00 00 20 80 1D F2 80",
            "angle18": 0.0,
            "angle1C": 96.0,
            "angle20": 0.0,
            "unk24": 3.0,
            "behaviour": 655,
            "behaviour_name": "Rareware Coin",
            "unk2A": "00 02 00 01 00 00"
        }
    ]
}