{
    "model2": [
        {
            "x_pos": 497.943359375,
            "y_pos": 0.0,
            "z_pos": 998.861572265625,
            "scale": 4.45999813079834,
            "unk10": "00 00 00 00 02 03 63 60",
            "angle18": 0.0,
            "angle1C": 180.0,
            "angle20": 0.0,
            "unk24": -3.0,
            "behaviour": 287,
            "behaviour_name": "Metal Door",
            "unk2A": "00 00 00 01 00 00"
        }
    ],
    "actors": [
        {
            "x_pos": 490.6068115234375,
            "y_pos": 0.5,
            "z_pos": 511.3660888671875,
            "scale": 1.0,
            "unk10": "00 00 00 00 00 00 00 00 00 00 00 00 00 00 00 00 00 00 00 00 00 00 00 00 00 00 00 00 00 00 00 00 0C 04",
            "behaviour": 11,
            "behaviour_name": "TNT Barrel Spawner",
            "unk34": "00 00 C6 80"
        }
    ]
}