{
    "model2": [
        {
            "x_pos": 138.2045440673828,
            "y_pos": 40.0,
            "z_pos": 786.0689086914062,
            "scale": 1.0,
            "unk10": "3F 80 00 00 3F 80 00 00",
            "angle18": 0.0,
            "angle1C": 0.0,
            "angle20": 0.0,
            "unk24": 0.0,
            "behaviour": 236,
            "behaviour_name": "DK coin",
            "unk2A": "00 00 00 02 00 01"
        },
        {
            "x_pos": 617.9306640625,
            "y_pos": 40.0,
            "z_pos": 784.870849609375,
            "scale": 1.0,
            "unk10": "3F 80 00 00 3F 80 00 00",
            "angle18": 0.0,
            "angle1C": 0.0,
            "angle20": 0.0,
            "unk24": 0.0,
            "behaviour": 236,
            "behaviour_name": "DK coin",
            "unk2A": "00 01 00 02 00 01"
        },
        {
            "x_pos": 1097.8892822265625,
            "y_pos": 38.0,
            "z_pos": 919.1709594726562,
            "scale": 1.0,
            "unk10": "3F 80 00 00 3F 80 00 00",
            "angle18": 0.0,
            "angle1C": 0.0,
            "angle20": 0.0,
            "unk24": 0.0,
            "behaviour": 236,
            "behaviour_name": "DK coin",
            "unk2A": "00 02 00 02 00 01"
        },
        {
            "x_pos": 801.3330078125,
            "y_pos": 40.0,
            "z_pos": 1640.0640869140625,
            "scale": 1.0,
            "unk10": "3F 80 00 00 3F 80 00 00",
            "angle18": 0.0,
            "angle1C": 0.0,
            "angle20": 0.0,
            "unk24": 0.0,
            "behaviour": 236,
            "behaviour_name": "DK coin",
            "unk2A": "00 03 00 02 00 01"
        }
    ]
}