{
    "model2": [
        {
            "x_pos": 317.3990783691406,
            "y_pos": 115.0,
            "z_pos": 295.868896484375,
            "scale": 1.0,
            "unk10": "02 7E 00 00 04 DE 00 00",
            "angle18": 0.0,
            "angle1C": 0.0,
            "angle20": 0.0,
            "unk24": 115.0,
            "behaviour": 523,
            "behaviour_name": "Rotating Room",
            "unk2A": "00 00 00 01 00 00"
        },
        {
            "x_pos": 321.3067321777344,
            "y_pos": 322.0,
            "z_pos": 479.7680969238281,
            "scale": 0.25,
            "unk10": "FF F8 FD 57 08 00 00 00",
            "angle18": 0.0,
            "angle1C": 0.0,
            "angle20": 0.0,
            "unk24": 322.0,
            "behaviour": 116,
            "behaviour_name": "Golden Banana",
            "unk2A": "00 01 00 01 00 00"
        },
        {
            "x_pos": 318.0190124511719,
            "y_pos": 135.0,
            "z_pos": 297.6553955078125,
            "scale": 1.0,
            "unk10": "00 00 07 80 80 3F D2 A0",
            "angle18": 0.0,
            "angle1C": 0.0,
            "angle20": 0.0,
            "unk24": 135.0,
            "behaviour": 43,
            "behaviour_name": "CB Bunch (DK)",
            "unk2A": "00 02 00 02 00 01"
        }
    ]
}