{
    "model2": [
        {
            "x_pos": 210.5159912109375,
            "y_pos": 0.0,
            "z_pos": 210.60838317871094,
            "scale": 1.0,
            "unk10": "FF F6 C4 20 08 45 15 41",
            "angle18": 0.0,
            "angle1C": 0.0,
            "angle20": 0.0,
            "unk24": 0.0,
            "behaviour": 236,
            "behaviour_name": "DK coin",
            "unk2A": "00 00 00 02 00 01"
        }
    ]
}