{
    "model2": [
        {
            "x_pos": 2362.570068359375,
            "y_pos": 548.8355102539062,
            "z_pos": 1633.857421875,
            "scale": 1.0,
            "unk10": "00 01 00 00 00 00 FF F6",
            "angle18": 0.0,
            "angle1C": 179.0,
            "angle20": 0.0,
            "unk24": 313.0,
            "behaviour": 622,
            "behaviour_name": "K. Rool's Ship",
            "unk2A": "00 00 00 01 00 00"
        }
    ]
}