{
    "model2": [
        {
            "x_pos": 100.74121856689453,
            "y_pos": 6.666666507720947,
            "z_pos": 25.063373565673828,
            "scale": 1.9999990463256836,
            "unk10": "3F FF FF F8 3F FF FF F8",
            "angle18": 0.0,
            "angle1C": 357.0,
            "angle20": 0.0,
            "unk24": 0.0,
            "behaviour": 32,
            "behaviour_name": "Tree",
            "unk2A": "00 01 00 01 00 00"
        },
        {
            "x_pos": 108.96713256835938,
            "y_pos": 6.666666030883789,
            "z_pos": 125.95639038085938,
            "scale": 2.0199995040893555,
            "unk10": "40 01 47 AC 40 01 47 AC",
            "angle18": 344.0,
            "angle1C": 92.0,
            "angle20": 0.0,
            "unk24": 0.0,
            "behaviour": 32,
            "behaviour_name": "Tree",
            "unk2A": "00 00 00 01 00 00"
        },
        {
            "x_pos": 112.64017486572266,
            "y_pos": 92.66666412353516,
            "z_pos": 130.2394561767578,
            "scale": 0.25,
            "unk10": "3E 80 00 00 3E 80 00 00",
            "angle18": 0.0,
            "angle1C": 0.0,
            "angle20": 0.0,
            "unk24": 86.0,
            "behaviour": 116,
            "behaviour_name": "Golden Banana",
            "unk2A": "00 02 00 01 00 00"
        }
    ]
}