{
    "model2": [
        {
            "x_pos": 147.2615509033203,
            "y_pos": 0.0,
            "z_pos": 153.74725341796875,
            "scale": 0.25,
            "unk10": "03 E8 00 00 07 C0 07 C0",
            "angle18": 0.0,
            "angle1C": 230.0,
            "angle20": 0.0,
            "unk24": 0.0,
            "behaviour": 642,
            "behaviour_name": "Spotlight",
            "unk2A": "00 00 00 01 03 00"
        },
        {
            "x_pos": 45.8664436340332,
            "y_pos": 0.0,
            "z_pos": 53.97165298461914,
            "scale": 0.25,
            "unk10": "00 00 00 20 80 3D DC E0",
            "angle18": 0.0,
            "angle1C": 40.0,
            "angle20": 0.0,
            "unk24": 0.0,
            "behaviour": 642,
            "behaviour_name": "Spotlight",
            "unk2A": "00 01 00 01 01 00"
        },
        {
            "x_pos": 96.9549560546875,
            "y_pos": 60.0,
            "z_pos": 97.51739501953125,
            "scale": 1.0,
            "unk10": "00 00 02 B0 80 3E 03 D0",
            "angle18": 0.0,
            "angle1C": 0.0,
            "angle20": 0.0,
            "unk24": 60.0,
            "behaviour": 138,
            "behaviour_name": "Disco Ball",
            "unk2A": "00 02 00 01 1A 00"
        }
    ]
}