{
    "model2": [
        {
            "x_pos": 4466.8154296875,
            "y_pos": 646.6436157226562,
            "z_pos": 1675.138671875,
            "scale": 1.0,
            "unk10": "C2 56 AA AB 40 40 00 00",
            "angle18": 0.0,
            "angle1C": 269.0,
            "angle20": 0.0,
            "unk24": 89.0,
            "behaviour": 615,
            "behaviour_name": "Boulder",
            "unk2A": "00 00 00 01 00 00"
        }
    ]
}